{
    "root_group": {
        "name": "",
        "path": "",
        "id": "d41d8cd98f00b204e9800998ecf8427e",
        "groups": {},
        "checks": {
                "API Key 조회 성공": {
                    "name": "API Key 조회 성공",
                    "path": "::API Key 조회 성공",
                    "id": "4fb9001ae22ade5b760421df2c534177",
                    "passes": 90326,
                    "fails": 0
                }
            }
    },
    "metrics": {
        "vus": {
            "value": 3,
            "min": 3,
            "max": 499
        },
        "http_req_sending": {
            "p(95)": 0.21640099999999998,
            "avg": 0.07693853976706617,
            "min": -0.882173,
            "med": 0.054315,
            "max": 5.542284,
            "p(90)": 0.1278265
        },
        "data_received": {
            "count": 41372521,
            "rate": 344465.92356259853
        },
        "vus_max": {
            "value": 500,
            "min": 500,
            "max": 500
        },
        "http_req_blocked": {
            "med": 0.000201,
            "max": 180.530493,
            "p(90)": 0.000511,
            "p(95)": 0.001012,
            "avg": 0.5177007731106562,
            "min": 0.00007
        },
        "iterations": {
            "count": 90326,
            "rate": 752.0505944444448
        },
        "http_reqs": {
            "count": 90326,
            "rate": 752.0505944444448
        },
        "checks": {
            "fails": 0,
            "passes": 90326,
            "value": 1
        },
        "http_req_duration": {
            "avg": 248.34612714512974,
            "min": 73.478434,
            "med": 208.324183,
            "max": 1632.362282,
            "p(90)": 439.34030299999995,
            "p(95)": 515.3881575,
            "thresholds": {
                "p(95)<500": true
            }
        },
        "http_req_failed": {
            "passes": 0,
            "fails": 90326,
            "thresholds": {
                "rate<0.01": false
            },
            "value": 0
        },
        "http_req_duration{expected_response:true}": {
            "p(90)": 439.34030299999995,
            "p(95)": 515.3881575,
            "avg": 248.34612714512974,
            "min": 73.478434,
            "med": 208.324183,
            "max": 1632.362282
        },
        "http_req_waiting": {
            "max": 1632.014853,
            "p(90)": 432.088077,
            "p(95)": 506.32917349999997,
            "avg": 241.88809727194848,
            "min": 73.192436,
            "med": 199.80125049999998
        },
        "data_sent": {
            "count": 5644620,
            "rate": 46996.87605355049
        },
        "http_req_tls_handshaking": {
            "avg": 0.2745555794677059,
            "min": 0,
            "med": 0,
            "max": 70.276468,
            "p(90)": 0,
            "p(95)": 0
        },
        "http_req_receiving": {
            "p(95)": 34.58277925,
            "avg": 6.381091333414483,
            "min": 0.009393,
            "med": 0.17535,
            "max": 422.907347,
            "p(90)": 21.460449500000003
        },
        "iteration_duration": {
            "min": 173.942672,
            "med": 309.6165465,
            "max": 1732.980848,
            "p(90)": 540.523703,
            "p(95)": 616.4933245,
            "avg": 349.4528879006701
        },
        "http_req_connecting": {
            "avg": 0.24188071474437017,
            "min": 0,
            "med": 0,
            "max": 129.840114,
            "p(90)": 0,
            "p(95)": 0
        }
    }
}