{
  "metrics": {
    "http_req_failed": {
      "fails": 41564,
      "passes": 0,
      "thresholds": {
        "rate<0.01": false
      },
      "value": 0
    },
    "iterations": {
      "count": 41564,
      "rate": 345.9542944782277
    },
    "vus_max": {
      "value": 500,
      "min": 500,
      "max": 500
    },
    "http_req_connecting": {
      "avg": 0.5271035883697432,
      "min": 0,
      "med": 0,
      "max": 107.646501,
      "p(90)": 0,
      "p(95)": 0
    },
    "http_req_receiving": {
      "avg": 39.30791526515732,
      "min": 0.011191,
      "med": 8.457906000000001,
      "max": 751.662924,
      "p(90)": 134.1862931000004,
      "p(95)": 180.58199964999997
    },
    "iteration_duration": {
      "min": 178.477232,
      "med": 709.314266,
      "max": 4615.20163,
      "p(90)": 1264.0047935000002,
      "p(95)": 1522.6974279999997,
      "avg": 762.1762539380753
    },
    "vus": {
      "value": 3,
      "min": 3,
      "max": 499
    },
    "http_req_blocked": {
      "avg": 1.127069560172289,
      "min": 0.00007,
      "med": 0.00019,
      "max": 177.69179,
      "p(90)": 0.000391,
      "p(95)": 0.000421
    },
    "http_req_duration": {
      "avg": 660.4148695280256,
      "min": 77.483506,
      "med": 607.7112375,
      "max": 4513.206543,
      "p(90)": 1161.7949929000001,
      "p(95)": 1421.396199349999,
      "thresholds": {
        "p(95)<500": true
      }
    },
    "http_req_sending": {
      "p(95)": 0.11049929999999998,
      "avg": 0.061154686339139896,
      "min": 0.01553,
      "med": 0.0514245,
      "max": 1.699112,
      "p(90)": 0.09397900000000003
    },
    "http_req_tls_handshaking": {
      "max": 117.884063,
      "p(90)": 0,
      "p(95)": 0,
      "avg": 0.5969454787556532,
      "min": 0,
      "med": 0
    },
    "data_received": {
      "count": 20584324,
      "rate": 171331.8084575895
    },
    "http_req_waiting": {
      "avg": 621.045799576533,
      "min": 77.332003,
      "med": 563.1864725,
      "max": 4513.122581,
      "p(90)": 1107.9057031000002,
      "p(95)": 1376.649791699999
    },
    "data_sent": {
      "count": 3068010,
      "rate": 25536.311110628125
    },
    "http_req_duration{expected_response:true}": {
      "max": 4513.206543,
      "p(90)": 1161.7949929000001,
      "p(95)": 1421.396199349999,
      "avg": 660.4148695280256,
      "min": 77.483506,
      "med": 607.7112375
    },
    "http_reqs": {
      "count": 41564,
      "rate": 345.9542944782277
    },
    "checks": {
      "passes": 41564,
      "fails": 0,
      "value": 1
    }
  },
  "root_group": {
    "groups": {},
    "checks": {
      "API Key 조회 성공": {
        "path": "::API Key 조회 성공",
        "id": "4fb9001ae22ade5b760421df2c534177",
        "passes": 41564,
        "fails": 0,
        "name": "API Key 조회 성공"
      }
    },
    "name": "",
    "path": "",
    "id": "d41d8cd98f00b204e9800998ecf8427e"
  }
}
