{
    "root_group": {
        "path": "",
        "id": "d41d8cd98f00b204e9800998ecf8427e",
        "groups": {},
        "checks": {
                "API Key 조회 성공": {
                    "name": "API Key 조회 성공",
                    "path": "::API Key 조회 성공",
                    "id": "4fb9001ae22ade5b760421df2c534177",
                    "passes": 67165,
                    "fails": 0
                }
            },
        "name": ""
    },
    "metrics": {
        "http_req_blocked": {
            "min": 0.00006,
            "med": 0.0002,
            "max": 150.804642,
            "p(90)": 0.000381,
            "p(95)": 0.000421,
            "avg": 0.6880651453583737
        },
        "iteration_duration": {
            "avg": 470.3379324809785,
            "min": 175.543651,
            "med": 428.773822,
            "max": 3300.541134,
            "p(90)": 743.119466,
            "p(95)": 906.8840184000001
        },
        "vus_max": {
            "value": 500,
            "min": 500,
            "max": 500
        },
        "http_req_waiting": {
            "min": 74.590339,
            "med": 313.478714,
            "max": 3197.080779,
            "p(90)": 626.1092123999999,
            "p(95)": 793.3226662,
            "avg": 357.1861592529723
        },
        "data_sent": {
            "count": 4420580,
            "rate": 36809.908219146535
        },
        "data_received": {
            "count": 31542980,
            "rate": 262656.5289528466
        },
        "checks": {
            "fails": 0,
            "passes": 67165,
            "value": 1
        },
        "http_req_duration": {
            "med": 327.331341,
            "max": 3200.260912,
            "p(90)": 641.8360909999999,
            "p(95)": 805.6019972,
            "avg": 369.0807715825399,
            "min": 75.03255,
            "thresholds": {
                "p(95)<500": true
            }
        },
        "http_req_connecting": {
            "med": 0,
            "max": 95.320536,
            "p(90)": 0,
            "p(95)": 0,
            "avg": 0.3209404760664038,
            "min": 0
        },
        "vus": {
            "value": 3,
            "min": 3,
            "max": 499
        },
        "http_reqs": {
            "count": 67165,
            "rate": 559.2789827441144
        },
        "http_req_duration{expected_response:true}": {
            "avg": 369.0807715825399,
            "min": 75.03255,
            "med": 327.331341,
            "max": 3200.260912,
            "p(90)": 641.8360909999999,
            "p(95)": 805.6019972
        },
        "http_req_sending": {
            "max": 1.180993,
            "p(90)": 0.092459,
            "p(95)": 0.10802299999999998,
            "avg": 0.06071746927715288,
            "min": 0.01579,
            "med": 0.052942
        },
        "http_req_receiving": {
            "med": 2.381719,
            "max": 314.854242,
            "p(90)": 36.26746,
            "p(95)": 52.92600059999997,
            "avg": 11.83389486028428,
            "min": -1.42792
        },
        "http_req_tls_handshaking": {
            "max": 92.722567,
            "p(90)": 0,
            "p(95)": 0,
            "avg": 0.3650658763641777,
            "min": 0,
            "med": 0
        },
        "iterations": {
            "count": 67165,
            "rate": 559.2789827441144
        },
        "http_req_failed": {
            "passes": 0,
            "fails": 67165,
            "thresholds": {
                "rate<0.01": false
            },
            "value": 0
        }
    }
}