{
    "metrics": {
        "iteration_duration": {
            "min": 173.645163,
            "med": 289.72574799999995,
            "max": 1855.719403,
            "p(90)": 544.9337336000001,
            "p(95)": 636.3342874500001,
            "avg": 339.14719769280777
        },
        "http_req_failed": {
            "passes": 0,
            "fails": 93090,
            "thresholds": {
                "rate<0.01": false
            },
            "value": 0
        },
        "http_req_duration": {
            "p(95)": 535.40434395,
            "avg": 238.11596780169717,
            "min": 72.993512,
            "med": 188.2883335,
            "max": 1754.471699,
            "p(90)": 443.90079230000003,
            "thresholds": {
                "p(95)<500": true
            }
        },
        "http_req_duration{expected_response:true}": {
            "avg": 238.11596780169717,
            "min": 72.993512,
            "med": 188.2883335,
            "max": 1754.471699,
            "p(90)": 443.90079230000003,
            "p(95)": 535.40434395
        },
        "checks": {
            "passes": 93090,
            "fails": 0,
            "value": 1
        },
        "http_req_waiting": {
            "avg": 232.72919446384267,
            "min": 72.798853,
            "med": 180.5776345,
            "max": 1753.085493,
            "p(90)": 436.8832043,
            "p(95)": 528.7655964500001
        },
        "http_req_connecting": {
            "max": 99.835483,
            "p(90)": 0,
            "p(95)": 0,
            "avg": 0.23141789424213113,
            "min": 0,
            "med": 0
        },
        "http_req_receiving": {
            "avg": 5.330300669642374,
            "min": 0.008737,
            "med": 0.075268,
            "max": 358.739796,
            "p(90)": 17.31585690000002,
            "p(95)": 30.398002450000018
        },
        "vus": {
            "value": 2,
            "min": 2,
            "max": 499
        },
        "vus_max": {
            "value": 500,
            "min": 500,
            "max": 500
        },
        "http_req_blocked": {
            "p(90)": 0.00038,
            "p(95)": 0.000411,
            "avg": 0.49716970479098677,
            "min": 0.00006,
            "med": 0.0002,
            "max": 151.086692
        },
        "http_reqs": {
            "rate": 774.7199344797715,
            "count": 93090
        },
        "http_req_sending": {
            "p(95)": 0.10060455,
            "avg": 0.056472668213556454,
            "min": -1.403783,
            "med": 0.050588,
            "max": 1.719073,
            "p(90)": 0.08803
        },
        "data_received": {
            "count": 42532723,
            "rate": 353968.7224815369
        },
        "iterations": {
            "count": 93090,
            "rate": 774.7199344797715
        },
        "data_sent": {
            "count": 5790133,
            "rate": 48187.03897721735
        },
        "http_req_tls_handshaking": {
            "avg": 0.26425227153292513,
            "min": 0,
            "med": 0,
            "max": 76.745649,
            "p(90)": 0,
            "p(95)": 0
        }
    },
    "root_group": {
        "name": "",
        "path": "",
        "id": "d41d8cd98f00b204e9800998ecf8427e",
        "groups": {},
        "checks": {
                "API Key 조회 성공": {
                    "name": "API Key 조회 성공",
                    "path": "::API Key 조회 성공",
                    "id": "4fb9001ae22ade5b760421df2c534177",
                    "passes": 93090,
                    "fails": 0
                }
            }
    }
}