{
    "root_group": {
        "name": "",
        "path": "",
        "id": "d41d8cd98f00b204e9800998ecf8427e",
        "groups": {},
        "checks": {
                "Common. User Info OK": {
                    "fails": 0,
                    "name": "Common. User Info OK",
                    "path": "::Common. User Info OK",
                    "id": "94463bb53d50c54c9bede2fe21c053f5",
                    "passes": 18340
                },
                "G1. First Note OK": {
                    "id": "6f5496bb413af1953121a999e0015096",
                    "passes": 7328,
                    "fails": 0,
                    "name": "G1. First Note OK",
                    "path": "::G1. First Note OK"
                },
                "G2. Second Note OK": {
                    "path": "::G2. Second Note OK",
                    "id": "be3b91cd5341503c6d81f3817a8635ff",
                    "passes": 5497,
                    "fails": 0,
                    "name": "G2. Second Note OK"
                }
            }
    },
    "metrics": {
        "http_req_tls_handshaking": {
            "p(90)": 0,
            "p(95)": 0,
            "avg": 0.3130996062579059,
            "min": 0,
            "med": 0,
            "max": 96.649484
        },
        "http_req_duration{expected_response:true}": {
            "avg": 241.27244901688073,
            "min": 78.347801,
            "med": 146.3261905,
            "max": 1813.481083,
            "p(90)": 534.1286394,
            "p(95)": 673.2344036999997
        },
        "vus": {
            "value": 1,
            "min": 1,
            "max": 500
        },
        "iteration_duration": {
            "avg": 3505.470868400003,
            "min": 580.309067,
            "med": 2866.469482,
            "max": 10478.932892,
            "p(90)": 7320.7762303,
            "p(95)": 7845.136393999999
        },
        "iterations": {
            "count": 18340,
            "rate": 74.22395529273516
        },
        "http_req_duration": {
            "med": 146.3261905,
            "max": 1813.481083,
            "p(90)": 534.1286394,
            "p(95)": 673.2344036999997,
            "avg": 241.27244901688073,
            "min": 78.347801,
            "thresholds": {
                "p(95)<500": true
            }
        },
        "data_received": {
            "count": 65854296,
            "rate": 266519.42868803424
        },
        "http_req_sending": {
            "med": 0.056994500000000003,
            "max": 3.35075,
            "p(90)": 0.13601919999999995,
            "p(95)": 0.18410204999999996,
            "avg": 0.0762740020462828,
            "min": 0.009208
        },
        "http_reqs": {
            "rate": 326.33448261038205,
            "count": 80634
        },
        "http_req_waiting": {
            "p(95)": 662.3460972999997,
            "avg": 236.78956807325704,
            "min": 78.232657,
            "med": 144.034202,
            "max": 1813.364117,
            "p(90)": 523.9743273999999
        },
        "http_req_failed": {
            "passes": 0,
            "fails": 80634,
            "thresholds": {
                "rate<0.01": false
            },
            "value": 0
        },
        "http_req_connecting": {
            "p(90)": 0,
            "p(95)": 0,
            "avg": 0.27451113810551375,
            "min": 0,
            "med": 0,
            "max": 100.468008
        },
        "data_sent": {
            "count": 4327520,
            "rate": 17513.939531538563
        },
        "checks": {
            "passes": 31165,
            "fails": 0,
            "value": 1
        },
        "http_req_blocked": {
            "max": 152.343884,
            "p(90)": 0.000411,
            "p(95)": 0.000451,
            "avg": 0.5890261271051428,
            "min": 0.00004,
            "med": 0.000201
        },
        "vus_max": {
            "value": 500,
            "min": 500,
            "max": 500
        },
        "http_req_receiving": {
            "max": 568.584216,
            "p(90)": 7.189019399999997,
            "p(95)": 20.921752099999974,
            "avg": 4.406606941575477,
            "min": 0.010721,
            "med": 0.0774315
        }
    }
}