{
    "metrics": {
        "http_reqs": {
            "count": 71576,
            "rate": 595.9383791874537
        },
        "iterations": {
            "count": 71576,
            "rate": 595.9383791874537
        },
        "vus_max": {
            "max": 500,
            "value": 500,
            "min": 500
        },
        "http_req_blocked": {
            "avg": 0.6594134441850945,
            "min": 0.00007,
            "med": 0.000191,
            "max": 156.581317,
            "p(90)": 0.000381,
            "p(95)": 0.000411
        },
        "http_req_receiving": {
            "avg": 18.300890524211862,
            "min": 0.009459,
            "med": 0.17858200000000002,
            "max": 457.363419,
            "p(90)": 76.676597,
            "p(95)": 110.9459385
        },
        "checks": {
            "passes": 71576,
            "fails": 0,
            "value": 1
        },
        "http_req_connecting": {
            "max": 107.678255,
            "p(90)": 0,
            "p(95)": 0,
            "avg": 0.3073412356097015,
            "min": 0,
            "med": 0
        },
        "http_req_duration{expected_response:true}": {
            "avg": 340.2987427323417,
            "min": 74.57216,
            "med": 252.0718185,
            "max": 3451.004259,
            "p(90)": 678.8819905,
            "p(95)": 902.5171242499999
        },
        "data_received": {
            "count": 33385036,
            "rate": 277962.22536820715
        },
        "http_req_failed": {
            "passes": 0,
            "fails": 71576,
            "thresholds": {
                "rate<0.01": false
            },
            "value": 0
        },
        "vus": {
            "value": 3,
            "min": 3,
            "max": 499
        },
        "http_req_duration": {
            "p(90)": 678.8819905,
            "p(95)": 902.5171242499999,
            "avg": 340.2987427323417,
            "min": 74.57216,
            "med": 252.0718185,
            "max": 3451.004259,
            "thresholds": {
                "p(95)<500": true
            }
        },
        "data_sent": {
            "count": 4652645,
            "rate": 38737.70146745572
        },
        "iteration_duration": {
            "p(90)": 780.2558855,
            "p(95)": 1003.45509525,
            "avg": 441.52805247806793,
            "min": 174.996475,
            "med": 353.3961595,
            "max": 3551.372382
        },
        "http_req_waiting": {
            "p(90)": 653.048055,
            "p(95)": 885.91572075,
            "avg": 321.93859153263645,
            "min": 74.491203,
            "med": 225.798865,
            "max": 3450.881302
        },
        "http_req_tls_handshaking": {
            "avg": 0.3502975666145075,
            "min": 0,
            "med": 0,
            "max": 92.22338,
            "p(90)": 0,
            "p(95)": 0
        },
        "http_req_sending": {
            "max": 1.637758,
            "p(90)": 0.090966,
            "p(95)": 0.105884,
            "avg": 0.059260675491784376,
            "min": 0.013897,
            "med": 0.051319
        }
    },
    "root_group": {
        "checks": {
            "API Key 조회 성공": {
                "passes": 71576,
                "fails": 0,
                "name": "API Key 조회 성공",
                "path": "::API Key 조회 성공",
                "id": "4fb9001ae22ade5b760421df2c534177"
            }
        },
        "name": "",
        "path": "",
        "id": "d41d8cd98f00b204e9800998ecf8427e",
        "groups": {}
    }
}