{
    "metrics": {
        "iterations": {
            "count": 351724,
            "rate": 1659.5819434087803
        },
        "vus": {
            "max": 4294,
            "value": 4294,
            "min": 13
        },
        "http_req_duration": {
            "avg": 153.39892856090296,
            "min": 70.795271,
            "med": 97.016299,
            "max": 26807.505355,
            "p(90)": 313.6820965000001,
            "p(95)": 500.02336419999847,
            "thresholds": {
                "p(95)<500": true
            }
        },
        "http_reqs": {
            "count": 355844,
            "rate": 1679.021838345845
        },
        "http_req_connecting": {
            "max": 1104.299664,
            "p(90)": 0,
            "p(95)": 0,
            "avg": 0.6420719647542169,
            "min": 0,
            "med": 0
        },
        "http_req_failed": {
            "passes": 0,
            "fails": 355844,
            "thresholds": {
                "rate<0.01": false
            },
            "value": 0
        },
        "http_req_blocked": {
            "avg": 1.3066443723000896,
            "min": 0.00006,
            "med": 0.000181,
            "max": 1203.122789,
            "p(90)": 0.000381,
            "p(95)": 0.000411
        },
        "http_req_waiting": {
            "avg": 153.00617390506974,
            "min": 70.477194,
            "med": 96.7039645,
            "max": 26807.238896,
            "p(90)": 313.01117650000003,
            "p(95)": 498.85449305
        },
        "data_sent": {
            "count": 22723924,
            "rate": 107221.0425043313
        },
        "http_req_receiving": {
            "avg": 0.354130791984689,
            "min": -0.517808,
            "med": 0.20244600000000001,
            "max": 727.248551,
            "p(90)": 0.5667937000000001,
            "p(95)": 0.71515955
        },
        "data_received": {
            "count": 478176954,
            "rate": 2256240.2298751604
        },
        "iteration_duration": {
            "p(90)": 1296.0435488000003,
            "p(95)": 1470.888976,
            "avg": 1150.4516419112547,
            "min": 1071.030065,
            "med": 1098.0556935,
            "max": 27808.550353
        },
        "checks": {
            "passes": 355844,
            "fails": 0,
            "value": 1
        },
        "http_req_sending": {
            "avg": 0.03862386384764109,
            "min": 0.011913,
            "med": 0.035488,
            "max": 3.337911,
            "p(90)": 0.060467,
            "p(95)": 0.069604
        },
        "http_req_tls_handshaking": {
            "avg": 0.6631112195709356,
            "min": 0,
            "med": 0,
            "max": 609.589688,
            "p(90)": 0,
            "p(95)": 0
        },
        "http_req_duration{expected_response:true}": {
            "min": 70.795271,
            "med": 97.016299,
            "max": 26807.505355,
            "p(90)": 313.6820965000001,
            "p(95)": 500.02336419999847,
            "avg": 153.39892856090296
        },
        "vus_max": {
            "value": 5000,
            "min": 5000,
            "max": 5000
        }
    },
    "root_group": {
        "checks": {
            "Frontend 200 OK": {
                "fails": 0,
                "name": "Frontend 200 OK",
                "path": "::Frontend 200 OK",
                "id": "c1f44cfbfa4ca6947d3d07d0f623c5be",
                "passes": 355844
            }
        },
        "name": "",
        "path": "",
        "id": "d41d8cd98f00b204e9800998ecf8427e",
        "groups": {}
    }
}