{
    "root_group": {
        "name": "",
        "path": "",
        "id": "d41d8cd98f00b204e9800998ecf8427e",
        "groups": {},
        "checks": {
                "Status 200": {
                    "path": "::Status 200",
                    "id": "1855261f2042b60c6026d0e6d773bdb4",
                    "passes": 335695,
                    "fails": 0,
                    "name": "Status 200"
                }
            }
    },
    "metrics": {
        "http_req_waiting": {
            "avg": 436.04791440398014,
            "min": 71.894165,
            "med": 185.481225,
            "max": 4648.294645,
            "p(90)": 1132.1889010000002,
            "p(95)": 1392.1430391999997
        },
        "http_req_receiving": {
            "p(90)": 0.2815872000000001,
            "p(95)": 0.38864579999999993,
            "avg": 0.13855216791730057,
            "min": 0.009228,
            "med": 0.034277,
            "max": 680.681488
        },
        "http_req_duration{expected_response:true}": {
            "med": 185.696833,
            "max": 4648.616403,
            "p(90)": 1132.4109056000007,
            "p(95)": 1392.3081512999997,
            "avg": 436.2292182602678,
            "min": 71.97377
        },
        "iterations": {
            "count": 335695,
            "rate": 1115.8231030907734
        },
        "http_req_blocked": {
            "p(95)": 0.000421,
            "avg": 1.3372980545549817,
            "min": 0.00006,
            "med": 0.00019,
            "max": 1246.338485,
            "p(90)": 0.0004
        },
        "checks": {
            "passes": 335695,
            "fails": 0,
            "value": 1
        },
        "http_req_duration": {
            "avg": 436.2292182602678,
            "min": 71.97377,
            "med": 185.696833,
            "max": 4648.616403,
            "p(90)": 1132.4109056000007,
            "p(95)": 1392.3081512999997,
            "thresholds": {
                "p(95)<500": true
            }
        },
        "http_reqs": {
            "count": 335695,
            "rate": 1115.8231030907734
        },
        "data_sent": {
            "count": 19520715,
            "rate": 64885.28213363502
        },
        "vus_max": {
            "value": 4000,
            "min": 4000,
            "max": 4000
        },
        "http_req_tls_handshaking": {
            "avg": 0.6691240816097943,
            "min": 0,
            "med": 0,
            "max": 537.826513,
            "p(90)": 0,
            "p(95)": 0
        },
        "data_received": {
            "count": 141966272,
            "rate": 471884.43723400345
        },
        "http_req_failed": {
            "fails": 335695,
            "passes": 0,
            "thresholds": {
                "rate<0.01": false
            },
            "value": 0
        },
        "iteration_duration": {
            "med": 1190.910435,
            "max": 5650.237318,
            "p(90)": 2134.3690596,
            "p(95)": 2393.6788607,
            "avg": 1438.088015981084,
            "min": 1072.235948
        },
        "vus": {
            "max": 3999,
            "value": 1,
            "min": 1
        },
        "http_req_connecting": {
            "p(90)": 0,
            "p(95)": 0,
            "avg": 0.6508553983496925,
            "min": 0,
            "med": 0,
            "max": 1091.496711
        },
        "http_req_sending": {
            "max": 7.78429,
            "p(90)": 0.06692,
            "p(95)": 0.0756853,
            "avg": 0.0427516883629473,
            "min": 0.013627,
            "med": 0.039346
        }
    }
}