{
    "root_group": {
        "name": "",
        "path": "",
        "id": "d41d8cd98f00b204e9800998ecf8427e",
        "groups": {},
        "checks": {
                "API Key 조회 성공": {
                    "name": "API Key 조회 성공",
                    "path": "::API Key 조회 성공",
                    "id": "4fb9001ae22ade5b760421df2c534177",
                    "passes": 69358,
                    "fails": 0
                }
            }
    },
    "metrics": {
        "iteration_duration": {
            "avg": 455.575517532743,
            "min": 174.750095,
            "med": 376.0300985,
            "max": 4364.648096,
            "p(90)": 781.4791591000002,
            "p(95)": 1007.0927343999997
        },
        "iterations": {
            "count": 69358,
            "rate": 577.4168009016821
        },
        "http_req_duration{expected_response:true}": {
            "avg": 354.327423270381,
            "min": 74.188516,
            "med": 275.0215475,
            "max": 4264.474571,
            "p(90)": 680.2595958,
            "p(95)": 906.0057506999997
        },
        "http_req_sending": {
            "p(95)": 0.10512684999999988,
            "avg": 0.058966479771619694,
            "min": 0.014438,
            "med": 0.05154,
            "max": 2.031861,
            "p(90)": 0.09052870000000002
        },
        "vus_max": {
            "min": 500,
            "max": 500,
            "value": 500
        },
        "http_req_waiting": {
            "max": 4263.940432,
            "p(90)": 650.1683658000002,
            "p(95)": 886.78021655,
            "avg": 334.28628694747323,
            "min": 74.024559,
            "med": 249.12578100000002
        },
        "http_req_duration": {
            "p(95)": 906.0057506999997,
            "avg": 354.327423270381,
            "min": 74.188516,
            "med": 275.0215475,
            "max": 4264.474571,
            "p(90)": 680.2595958,
            "thresholds": {
                "p(95)<500": true
            }
        },
        "vus": {
            "max": 499,
            "value": 2,
            "min": 2
        },
        "data_received": {
            "rate": 270182.05257505237,
            "count": 32453657
        },
        "http_req_receiving": {
            "med": 0.4138025,
            "max": 495.288406,
            "p(90)": 81.44479860000006,
            "p(95)": 113.52444259999973,
            "avg": 19.982169843132574,
            "min": 0.009478
        },
        "data_sent": {
            "count": 4535881,
            "rate": 37761.95819214399
        },
        "http_req_connecting": {
            "avg": 0.31398196340724965,
            "min": 0,
            "med": 0,
            "max": 99.454676,
            "p(90)": 0,
            "p(95)": 0
        },
        "http_req_failed": {
            "passes": 0,
            "fails": 69358,
            "thresholds": {
                "rate<0.01": false
            },
            "value": 0
        },
        "http_reqs": {
            "count": 69358,
            "rate": 577.4168009016821
        },
        "http_req_blocked": {
            "avg": 0.6740091232590241,
            "min": 0.00006,
            "med": 0.000191,
            "max": 151.179025,
            "p(90)": 0.000381,
            "p(95)": 0.000411
        },
        "checks": {
            "passes": 69358,
            "fails": 0,
            "value": 1
        },
        "http_req_tls_handshaking": {
            "p(95)": 0,
            "avg": 0.3585659277949198,
            "min": 0,
            "med": 0,
            "max": 70.894717,
            "p(90)": 0
        }
    }
}