{
    "root_group": {
        "name": "",
        "path": "",
        "id": "d41d8cd98f00b204e9800998ecf8427e",
        "groups": {},
        "checks": {
                "Status 200": {
                    "fails": 1,
                    "name": "Status 200",
                    "path": "::Status 200",
                    "id": "1855261f2042b60c6026d0e6d773bdb4",
                    "passes": 300113
                }
            }
    },
    "metrics": {
        "vus": {
            "value": 29,
            "min": 8,
            "max": 2498
        },
        "http_req_duration": {
            "p(90)": 264.91772710000004,
            "p(95)": 419.7328268499996,
            "avg": 152.63366568430655,
            "min": 0,
            "med": 108.965981,
            "max": 3433.688848,
            "thresholds": {
                "p(95)<500": false
            }
        },
        "http_req_waiting": {
            "med": 108.8057205,
            "max": 3433.367162,
            "p(90)": 264.67607460000005,
            "p(95)": 419.4247578499999,
            "avg": 152.46068092366616,
            "min": 0
        },
        "data_received": {
            "count": 122174103,
            "rate": 406221.6718130752
        },
        "http_reqs": {
            "rate": 997.8613128390167,
            "count": 300114
        },
        "iteration_duration": {
            "min": 1072.116811,
            "med": 1109.774914,
            "max": 22035.635673,
            "p(90)": 1267.3257105,
            "p(95)": 1421.0400002499985,
            "avg": 1154.0675775723532
        },
        "data_sent": {
            "count": 15541681,
            "rate": 51675.17078971725
        },
        "http_req_connecting": {
            "p(90)": 0,
            "p(95)": 0,
            "avg": 0.40583199013374915,
            "min": 0,
            "med": 0,
            "max": 122.144138
        },
        "iterations": {
            "count": 300114,
            "rate": 997.8613128390167
        },
        "http_req_duration{expected_response:true}": {
            "avg": 152.63417427162426,
            "min": 71.622698,
            "med": 108.966026,
            "max": 3433.688848,
            "p(90)": 264.9177424,
            "p(95)": 419.7337033999994
        },
        "http_req_sending": {
            "avg": 0.04262711864158475,
            "min": -0.488802,
            "med": 0.038665,
            "max": 10.581313,
            "p(90)": 0.067932,
            "p(95)": 0.075465
        },
        "vus_max": {
            "value": 2500,
            "min": 2500,
            "max": 2500
        },
        "http_req_blocked": {
            "min": 0,
            "med": 0.00019,
            "max": 217.451232,
            "p(90)": 0.000401,
            "p(95)": 0.000431,
            "avg": 0.8582146365887279
        },
        "http_req_receiving": {
            "max": 455.463387,
            "p(90)": 0.28477880000000017,
            "p(95)": 0.38990634999999996,
            "avg": 0.1303576419993759,
            "min": 0,
            "med": 0.033585
        },
        "checks": {
            "passes": 300113,
            "fails": 1,
            "value": 0.9999966679328521
        },
        "http_req_failed": {
            "passes": 1,
            "fails": 300113,
            "thresholds": {
                "rate<0.01": false
            },
            "value": 0.000003332067147817163
        },
        "http_req_tls_handshaking": {
            "avg": 0.451040703346062,
            "min": 0,
            "med": 0,
            "max": 106.400418,
            "p(90)": 0,
            "p(95)": 0
        }
    }
}