{
    "metrics": {
        "http_req_duration{expected_response:true}": {
            "p(95)": 539.2633832499997,
            "avg": 236.80149574490898,
            "min": 73.475868,
            "med": 186.20023500000002,
            "max": 1860.130569,
            "p(90)": 447.3987291
        },
        "http_req_receiving": {
            "avg": 5.473594279142046,
            "min": 0.009378,
            "med": 0.075796,
            "max": 369.128048,
            "p(90)": 17.63395520000003,
            "p(95)": 32.58706004999998
        },
        "http_req_blocked": {
            "avg": 0.49889815590538855,
            "min": 0.00006,
            "med": 0.0002,
            "max": 184.283288,
            "p(90)": 0.00038,
            "p(95)": 0.00042
        },
        "checks": {
            "passes": 93422,
            "fails": 0,
            "value": 1
        },
        "http_req_waiting": {
            "max": 1840.438685,
            "p(90)": 440.0147516000001,
            "p(95)": 530.6697473999998,
            "avg": 231.2706449678747,
            "min": 73.374792,
            "med": 178.377323
        },
        "iteration_duration": {
            "avg": 337.83310377965506,
            "min": 174.036648,
            "med": 287.68571699999995,
            "max": 1961.216962,
            "p(90)": 548.6180566,
            "p(95)": 640.44124485
        },
        "http_req_connecting": {
            "avg": 0.23293640702404153,
            "min": 0,
            "med": 0,
            "max": 99.973925,
            "p(90)": 0,
            "p(95)": 0
        },
        "http_req_tls_handshaking": {
            "p(90)": 0,
            "p(95)": 0,
            "avg": 0.2641211244139499,
            "min": 0,
            "med": 0,
            "max": 77.152377
        },
        "vus": {
            "min": 3,
            "max": 499,
            "value": 3
        },
        "data_received": {
            "count": 42676654,
            "rate": 355092.6355435383
        },
        "data_sent": {
            "count": 5808476,
            "rate": 48329.63360556311
        },
        "http_req_failed": {
            "fails": 93422,
            "passes": 0,
            "thresholds": {
                "rate<0.01": false
            },
            "value": 0
        },
        "http_req_sending": {
            "avg": 0.05725649789128963,
            "min": 0.014549,
            "med": 0.051049,
            "max": 2.608944,
            "p(90)": 0.089493,
            "p(95)": 0.10186795
        },
        "vus_max": {
            "max": 500,
            "value": 500,
            "min": 500
        },
        "http_reqs": {
            "rate": 777.3211132660128,
            "count": 93422
        },
        "http_req_duration": {
            "avg": 236.80149574490898,
            "min": 73.475868,
            "med": 186.20023500000002,
            "max": 1860.130569,
            "p(90)": 447.3987291,
            "p(95)": 539.2633832499997,
            "thresholds": {
                "p(95)<500": true
            }
        },
        "iterations": {
            "rate": 777.3211132660128,
            "count": 93422
        }
    },
    "root_group": {
        "name": "",
        "path": "",
        "id": "d41d8cd98f00b204e9800998ecf8427e",
        "groups": {},
        "checks": {
                "API Key 조회 성공": {
                    "fails": 0,
                    "name": "API Key 조회 성공",
                    "path": "::API Key 조회 성공",
                    "id": "4fb9001ae22ade5b760421df2c534177",
                    "passes": 93422
                }
            }
    }
}