{
    "root_group": {
        "checks": {
            "Status 200": {
                "name": "Status 200",
                "path": "::Status 200",
                "id": "1855261f2042b60c6026d0e6d773bdb4",
                "passes": 530125,
                "fails": 0
            }
        },
        "name": "",
        "path": "",
        "id": "d41d8cd98f00b204e9800998ecf8427e",
        "groups": {}
    },
    "metrics": {
        "data_received": {
            "count": 209297735,
            "rate": 579856.4473347343
        },
        "iteration_duration": {
            "med": 915.448232,
            "max": 4957.701261,
            "p(90)": 1198.7211764000003,
            "p(95)": 1339.1568783999999,
            "avg": 936.2244976462032,
            "min": 575.16247
        },
        "http_req_sending": {
            "avg": 0.05158742967413531,
            "min": 0.013517,
            "med": 0.048674,
            "max": 3.806331,
            "p(90)": 0.080025,
            "p(95)": 0.088441
        },
        "http_req_duration": {
            "avg": 185.30735973073163,
            "min": 72.983252,
            "med": 106.88343,
            "max": 4079.319972,
            "p(90)": 407.67128840000004,
            "p(95)": 530.7231203999999,
            "thresholds": {
                "p(95)<500": true
            }
        },
        "http_req_connecting": {
            "p(90)": 0,
            "p(95)": 0,
            "avg": 0.24901410593916568,
            "min": 0,
            "med": 0,
            "max": 1047.529267
        },
        "http_req_receiving": {
            "max": 295.346832,
            "p(90)": 0.3391086000000002,
            "p(95)": 0.4615276,
            "avg": 0.14564761053525294,
            "min": -1.136015,
            "med": 0.039546
        },
        "http_req_blocked": {
            "max": 1096.730476,
            "p(90)": 0.00041,
            "p(95)": 0.000431,
            "avg": 0.5286340660296809,
            "min": 0.00006,
            "med": 0.000221
        },
        "vus": {
            "value": 1,
            "min": 1,
            "max": 2997
        },
        "vus_max": {
            "value": 3000,
            "min": 3000,
            "max": 3000
        },
        "http_req_duration{expected_response:true}": {
            "avg": 185.30735973073163,
            "min": 72.983252,
            "med": 106.88343,
            "max": 4079.319972,
            "p(90)": 407.67128840000004,
            "p(95)": 530.7231203999999
        },
        "api_response_time": {
            "p(95)": 530.7231203999999,
            "avg": 185.30735973073166,
            "min": 72.983252,
            "med": 106.88343,
            "max": 4079.319972,
            "p(90)": 407.67128840000004
        },
        "data_sent": {
            "count": 24936625,
            "rate": 69086.57076971482
        },
        "http_req_waiting": {
            "max": 4079.243754,
            "p(90)": 407.4623534000002,
            "p(95)": 530.4433859999999,
            "avg": 185.11012469052594,
            "min": 72.504576,
            "med": 106.635929
        },
        "errors": {
            "fails": 530125,
            "passes": 0,
            "thresholds": {
                "rate<0.01": false
            },
            "value": 0
        },
        "checks": {
            "fails": 0,
            "passes": 530125,
            "value": 1
        },
        "http_req_failed": {
            "passes": 0,
            "fails": 530125,
            "value": 0
        },
        "iterations": {
            "count": 530125,
            "rate": 1468.7038975520973
        },
        "http_reqs": {
            "count": 530125,
            "rate": 1468.7038975520973
        },
        "http_req_tls_handshaking": {
            "avg": 0.2784245979231313,
            "min": 0,
            "med": 0,
            "max": 195.134109,
            "p(90)": 0,
            "p(95)": 0
        }
    }
}