{
    "root_group": {
        "path": "",
        "id": "d41d8cd98f00b204e9800998ecf8427e",
        "groups": {},
        "checks": {
                "Frontend 200 OK": {
                    "id": "c1f44cfbfa4ca6947d3d07d0f623c5be",
                    "passes": 171819,
                    "fails": 0,
                    "name": "Frontend 200 OK",
                    "path": "::Frontend 200 OK"
                }
            },
        "name": ""
    },
    "metrics": {
        "http_reqs": {
            "rate": 1002.1005831162147,
            "count": 171819
        },
        "page_load_time": {
            "avg": 162.86034000997353,
            "min": 74.640464,
            "med": 96.535452,
            "max": 26630.876409,
            "p(90)": 371.9506724000001,
            "p(95)": 510.6910908000001
        },
        "data_sent": {
            "count": 12338669,
            "rate": 71962.86440834809
        },
        "iterations": {
            "count": 170253,
            "rate": 992.9671955795627
        },
        "http_req_failed": {
            "fails": 171819,
            "passes": 0,
            "value": 0
        },
        "http_req_blocked": {
            "avg": 1.5966569060230718,
            "min": 0.00007,
            "med": 0.000231,
            "max": 1111.03195,
            "p(90)": 0.00042,
            "p(95)": 0.000451
        },
        "vus": {
            "value": 2819,
            "min": 3,
            "max": 2819
        },
        "http_req_waiting": {
            "p(90)": 370.9620888,
            "p(95)": 509.0100789000001,
            "avg": 162.34922247087343,
            "min": 72.134148,
            "med": 96.206893,
            "max": 26630.354799
        },
        "data_received": {
            "rate": 1393813.8443600782,
            "count": 238981700
        },
        "http_req_tls_handshaking": {
            "avg": 0.8325870297755191,
            "min": 0,
            "med": 0,
            "max": 521.051932,
            "p(90)": 0,
            "p(95)": 0
        },
        "checks": {
            "passes": 171819,
            "fails": 0,
            "value": 1
        },
        "http_req_duration": {
            "max": 26630.876409,
            "p(90)": 371.9506724000001,
            "p(95)": 510.6910908000001,
            "avg": 162.86034000997353,
            "min": 74.640464,
            "med": 96.535452,
            "thresholds": {
                "p(95)<500": true
            }
        },
        "http_req_connecting": {
            "avg": 0.7614414289164757,
            "min": 0,
            "med": 0,
            "max": 1057.502616,
            "p(90)": 0,
            "p(95)": 0
        },
        "http_req_duration{expected_response:true}": {
            "p(95)": 510.6910908000001,
            "avg": 162.86034000997353,
            "min": 74.640464,
            "med": 96.535452,
            "max": 26630.876409,
            "p(90)": 371.9506724000001
        },
        "http_req_receiving": {
            "avg": 0.45867515787543356,
            "min": -0.683421,
            "med": 0.205027,
            "max": 330.108337,
            "p(90)": 0.6615424000000004,
            "p(95)": 0.8224141
        },
        "errors": {
            "passes": 0,
            "fails": 171819,
            "thresholds": {
                "rate<0.01": false
            },
            "value": 0
        },
        "vus_max": {
            "value": 10000,
            "min": 10000,
            "max": 10000
        },
        "iteration_duration": {
            "p(90)": 1371.1081554000002,
            "p(95)": 1512.5937474,
            "avg": 1164.0897147370044,
            "min": 1074.736425,
            "med": 1097.247892,
            "max": 2966.077235
        },
        "http_req_sending": {
            "max": 22.96186,
            "p(90)": 0.082227,
            "p(95)": 0.0926261,
            "avg": 0.0524423812267553,
            "min": 0.013376,
            "med": 0.048813
        }
    }
}