{
    "root_group": {
        "checks": {
            "Frontend 200 OK": {
                "name": "Frontend 200 OK",
                "path": "::Frontend 200 OK",
                "id": "c1f44cfbfa4ca6947d3d07d0f623c5be",
                "passes": 183829,
                "fails": 1
            }
        },
        "name": "",
        "path": "",
        "id": "d41d8cd98f00b204e9800998ecf8427e",
        "groups": {}
    },
    "metrics": {
        "http_req_waiting": {
            "p(90)": 309.4734824,
            "p(95)": 500.93003789999983,
            "avg": 159.3320953658378,
            "min": 0,
            "med": 108.462897,
            "max": 1588.997504
        },
        "http_req_connecting": {
            "avg": 0.8075000289561005,
            "min": 0,
            "med": 0,
            "max": 1070.508895,
            "p(90)": 0,
            "p(95)": 0
        },
        "http_req_receiving": {
            "avg": 0.5196500353097864,
            "min": -1.05769,
            "med": 0.2213295,
            "max": 345.611069,
            "p(90)": 0.7260299000000001,
            "p(95)": 0.9481930999999992
        },
        "http_req_failed": {
            "passes": 1,
            "fails": 183829,
            "thresholds": {
                "rate<0.01": false
            },
            "value": 0.0000054398085187401405
        },
        "data_received": {
            "count": 255284766,
            "rate": 1620851.5497815365
        },
        "http_req_sending": {
            "avg": 0.06551082878202749,
            "min": 0,
            "med": 0.049655,
            "max": 6.521868,
            "p(90)": 0.1133981,
            "p(95)": 0.1529594999999999
        },
        "vus": {
            "value": 2934,
            "min": 7,
            "max": 2934
        },
        "http_req_blocked": {
            "p(90)": 0.000652,
            "p(95)": 0.001072,
            "avg": 1.674633251542147,
            "min": 0,
            "med": 0.00024,
            "max": 1127.965799
        },
        "checks": {
            "fails": 1,
            "passes": 183829,
            "value": 0.9999945601914813
        },
        "iteration_duration": {
            "med": 1110.014444,
            "max": 22041.385481,
            "p(90)": 1302.7049608000002,
            "p(95)": 1496.36603345,
            "avg": 1160.8100560713842,
            "min": 1073.362911
        },
        "http_reqs": {
            "rate": 1167.1716454727261,
            "count": 183830
        },
        "data_sent": {
            "count": 12991090,
            "rate": 82482.90209315279
        },
        "iterations": {
            "count": 181284,
            "rate": 1151.0066070710857
        },
        "http_req_duration{expected_response:true}": {
            "avg": 159.91812615391697,
            "min": 72.956891,
            "med": 108.858082,
            "max": 1589.148376,
            "p(90)": 310.5754774000001,
            "p(95)": 502.4281862
        },
        "http_req_tls_handshaking": {
            "avg": 0.8637620124462818,
            "min": 0,
            "med": 0,
            "max": 514.543628,
            "p(90)": 0,
            "p(95)": 0
        },
        "vus_max": {
            "value": 10000,
            "min": 10000,
            "max": 10000
        },
        "http_req_duration": {
            "avg": 159.91725622993204,
            "min": 0,
            "med": 108.857827,
            "max": 1589.148376,
            "p(90)": 310.5744117000001,
            "p(95)": 502.42798359999995,
            "thresholds": {
                "p(95)<500": true
            }
        }
    }
}